{
    "setup": 0,
    "main": 15.473895788192749,
    "tear-down": 0,
    "details": {
        "setup": [],
        "main": [
            1.1776819229125977,
            1.1313729286193848,
            1.1260979175567627,
            1.0873169898986816,
            1.6813218593597412,
            3.9668869972229004,
            1.0879931449890137,
            1.0653350353240967,
            1.0580711364746094,
            1.0468688011169434,
            1.0449490547180176
        ],
        "tear-down": []
    }
}
