{
    "setup": 0, 
    "main": 14.99368953704834, 
    "tear-down": 0, 
    "details": {
        "setup": [], 
        "main": [
            1.1339669227600098, 
            1.1103432178497314, 
            1.0997681617736816, 
            1.074437141418457, 
            1.60736083984375, 
            3.6806929111480713, 
            1.097109079360962, 
            1.0648071765899658, 
            1.04795503616333, 
            1.0388081073760986, 
            1.0384409427642822
        ], 
        "tear-down": []
    }
}